charges,age,bmi,children,sex_male,smoker_yes,region_northwest,region_southeast,region_southwest
16884.924,19,27.9,0,0,1,0,0,1
1725.5523,18,33.77,1,1,0,0,1,0
4449.462,28,33.0,3,1,0,0,1,0
21984.47061,33,22.705,0,1,0,1,0,0
3866.8552,32,28.88,0,1,0,1,0,0
3756.6216,31,25.74,0,0,0,0,1,0
8240.5896,46,33.44,1,0,0,0,1,0
7281.5056,37,27.74,3,0,0,1,0,0
6406.4107,37,29.83,2,1,0,0,0,0
28923.13692,60,25.84,0,0,0,1,0,0
2721.3208,25,26.22,0,1,0,0,0,0
27808.7251,62,26.29,0,0,1,0,1,0
1826.843,23,34.4,0,1,0,0,0,1
11090.7178,56,39.82,0,0,0,0,1,0
39611.7577,27,42.13,0,1,1,0,1,0
1837.237,19,24.6,1,1,0,0,0,1
10797.3362,52,30.78,1,0,0,0,0,0
2395.17155,23,23.845,0,1,0,0,0,0
10602.385,56,40.3,0,1,0,0,0,1
36837.467,30,35.3,0,1,1,0,0,1
13228.84695,60,36.005,0,0,0,0,0,0
4149.736,30,32.4,1,0,0,0,0,1
1137.011,18,34.1,0,1,0,0,1,0
37701.8768,34,31.92,1,0,1,0,0,0
6203.90175,37,28.025,2,1,0,1,0,0
14001.1338,59,27.72,3,0,0,0,1,0
14451.83515,63,23.085,0,0,0,0,0,0
12268.63225,55,32.775,2,0,0,1,0,0
2775.19215,23,17.385,1,1,0,1,0,0
38711.0,31,36.3,2,1,1,0,0,1
35585.576,22,35.6,0,1,1,0,0,1
2198.18985,18,26.315,0,0,0,0,0,0
4687.797,19,28.6,5,0,0,0,0,1
13770.0979,63,28.31,0,1,0,1,0,0
51194.55914,28,36.4,1,1,1,0,0,1
1625.43375,19,20.425,0,1,0,1,0,0
15612.19335,62,32.965,3,0,0,1,0,0
2302.3,26,20.8,0,1,0,0,0,1
39774.2763,35,36.67,1,1,1,0,0,0
48173.361,60,39.9,0,1,1,0,0,1
3046.062,24,26.6,0,0,0,0,0,0
4949.7587,31,36.63,2,0,0,0,1,0
6272.4772,41,21.78,1,1,0,0,1,0
6313.759,37,30.8,2,0,0,0,1,0
6079.6715,38,37.05,1,1,0,0,0,0
20630.28351,55,37.3,0,1,0,0,0,1
3393.35635,18,38.665,2,0,0,0,0,0
3556.9223,28,34.77,0,0,0,1,0,0
12629.8967,60,24.53,0,0,0,0,1,0
38709.176,36,35.2,1,1,1,0,1,0
2211.13075,18,35.625,0,0,0,0,0,0
3579.8287,21,33.63,2,0,0,1,0,0
23568.272,48,28.0,1,1,1,0,0,1
37742.5757,36,34.43,0,1,1,0,1,0
8059.6791,40,28.69,3,0,0,1,0,0
47496.49445,58,36.955,2,1,1,1,0,0
13607.36875,58,31.825,2,0,0,0,0,0
34303.1672,18,31.68,2,1,1,0,1,0
23244.7902,53,22.88,1,0,1,0,1,0
5989.52365,34,37.335,2,0,0,1,0,0
8606.2174,43,27.36,3,1,0,0,0,0
4504.6624,25,33.66,4,1,0,0,1,0
30166.61817,64,24.7,1,1,0,1,0,0
4133.64165,28,25.935,1,0,0,1,0,0
14711.7438,20,22.42,0,0,1,1,0,0
1743.214,19,28.9,0,0,0,0,0,1
14235.072,61,39.1,2,0,0,0,0,1
6389.37785,40,26.315,1,1,0,1,0,0
5920.1041,40,36.19,0,0,0,0,1,0
17663.1442,28,23.98,3,1,1,0,1,0
16577.7795,27,24.75,0,0,1,0,1,0
6799.458,31,28.5,5,1,0,0,0,0
11741.726,53,28.1,3,0,0,0,0,1
11946.6259,58,32.01,1,1,0,0,1,0
7726.854,44,27.4,2,1,0,0,0,1
11356.6609,57,34.01,0,1,0,1,0,0
3947.4131,29,29.59,1,0,0,0,1,0
1532.4697,21,35.53,0,1,0,0,1,0
2755.02095,22,39.805,0,0,0,0,0,0
6571.02435,41,32.965,0,0,0,1,0,0
4441.21315,31,26.885,1,1,0,0,0,0
7935.29115,45,38.285,0,0,0,0,0,0
37165.1638,22,37.62,1,1,1,0,1,0
11033.6617,48,41.23,4,0,0,1,0,0
39836.519,37,34.8,2,0,1,0,0,1
21098.55405,45,22.895,2,1,1,1,0,0
43578.9394,57,31.16,0,0,1,1,0,0
11073.176,56,27.2,0,0,0,0,0,1
8026.6666,46,27.74,0,0,0,1,0,0
11082.5772,55,26.98,0,0,0,1,0,0
2026.9741,21,39.49,0,0,0,0,1,0
10942.13205,53,24.795,1,0,0,1,0,0
30184.9367,59,29.83,3,1,1,0,0,0
5729.0053,35,34.77,2,1,0,1,0,0
47291.055,64,31.3,2,0,1,0,0,1
3766.8838,28,37.62,1,0,0,0,1,0
12105.32,54,30.8,3,0,0,0,0,1
10226.2842,55,38.28,0,1,0,0,1,0
22412.6485,56,19.95,0,1,1,0,0,0
15820.699,38,19.3,0,1,1,0,0,1
6186.127,41,31.6,0,0,0,0,0,1
3645.0894,30,25.46,0,1,0,0,0,0
21344.8467,18,30.115,0,0,0,0,0,0
30942.1918,61,29.92,3,0,1,0,1,0
5003.853,34,27.5,1,0,0,0,0,1
17560.37975,20,28.025,1,1,1,1,0,0
2331.519,19,28.4,1,0,0,0,0,1
3877.30425,26,30.875,2,1,0,1,0,0
2867.1196,29,27.94,0,1,0,0,1,0
47055.5321,63,35.09,0,1,1,0,1,0
10825.2537,54,33.63,1,1,0,1,0,0
11881.358,55,29.7,2,0,0,0,0,1
4646.759,37,30.8,0,1,0,0,0,1
2404.7338,21,35.72,0,0,0,1,0,0
11488.31695,52,32.205,3,1,0,0,0,0
30259.99556,60,28.595,0,1,0,0,0,0
11381.3254,58,49.06,0,1,0,0,1,0
19107.7796,29,27.94,1,0,1,0,1,0
8601.3293,49,27.17,0,0,0,0,1,0
6686.4313,37,23.37,2,0,0,1,0,0
7740.337,44,37.1,2,1,0,0,0,1
1705.6245,18,23.75,0,1,0,0,0,0
2257.47525,20,28.975,0,0,0,1,0,0
39556.4945,44,31.35,1,1,1,0,0,0
10115.00885,47,33.915,3,0,0,1,0,0
3385.39915,26,28.785,0,0,0,0,0,0
17081.08,19,28.3,0,0,1,0,0,1
9634.538,52,37.4,0,0,0,0,0,1
32734.1863,32,17.765,2,0,1,1,0,0
6082.405,38,34.7,2,1,0,0,0,1
12815.44495,59,26.505,0,0,0,0,0,0
13616.3586,61,22.04,0,0,0,0,0,0
11163.568,53,35.9,2,0,0,0,0,1
1632.56445,19,25.555,0,1,0,1,0,0
2457.21115,20,28.785,0,0,0,0,0,0
2155.6815,22,28.05,0,0,0,0,1,0
1261.442,19,34.1,0,1,0,0,0,1
2045.68525,22,25.175,0,1,0,1,0,0
27322.73386,54,31.9,3,0,0,0,1,0
2166.732,22,36.0,0,0,0,0,0,1
27375.90478,34,22.42,2,1,0,0,0,0
3490.5491,26,32.49,1,1,0,0,0,0
18972.495,34,25.3,2,1,1,0,1,0
18157.876,29,29.735,2,1,0,1,0,0
20745.9891,30,28.69,3,1,1,1,0,0
5138.2567,29,38.83,3,0,0,0,1,0
40720.55105,46,30.495,3,1,1,1,0,0
9877.6077,51,37.73,1,0,0,0,1,0
10959.6947,53,37.43,1,0,0,1,0,0
1842.519,19,28.4,1,1,0,0,0,1
5125.2157,35,24.13,1,1,0,1,0,0
7789.635,48,29.7,0,1,0,0,1,0
6334.34355,32,37.145,3,0,0,0,0,0
19964.7463,42,23.37,0,0,1,0,0,0
7077.1894,40,25.46,1,0,0,0,0,0
6948.7008,44,39.52,0,1,0,1,0,0
21223.6758,48,24.42,0,1,1,0,1,0
15518.18025,18,25.175,0,1,1,0,0,0
36950.2567,30,35.53,0,1,1,0,1,0
19749.38338,50,27.83,3,0,0,0,1,0
21348.706,42,26.6,0,0,1,1,0,0
36149.4835,18,36.85,0,0,1,0,1,0
10450.552,54,39.6,1,1,0,0,0,1
5152.134,32,29.8,2,0,0,0,0,1
5028.1466,37,29.64,0,1,0,1,0,0
10407.08585,47,28.215,4,1,0,0,0,0
4830.63,20,37.0,5,0,0,0,0,1
6128.79745,32,33.155,3,0,0,1,0,0
2719.27975,19,31.825,1,0,0,1,0,0
4827.90495,27,18.905,3,1,0,0,0,0
13405.3903,63,41.47,0,1,0,0,1,0
8116.68,49,30.3,0,1,0,0,0,1
1694.7964,18,15.96,0,1,0,0,0,0
5246.047,35,34.8,1,0,0,0,0,1
2855.43755,24,33.345,0,0,0,1,0,0
48824.45,63,37.7,0,0,1,0,0,1
6455.86265,38,27.835,2,1,0,1,0,0
10436.096,54,29.2,1,1,0,0,0,1
8823.279,46,28.9,2,0,0,0,0,1
8538.28845,41,33.155,3,0,0,0,0,0
11735.87905,58,28.595,0,1,0,1,0,0
1631.8212,18,38.28,0,0,0,0,1,0
4005.4225,22,19.95,3,1,0,0,0,0
7419.4779,44,26.41,0,0,0,1,0,0
7731.4271,44,30.69,2,1,0,0,1,0
43753.33705,36,41.895,3,1,1,0,0,0
3981.9768,26,29.92,2,0,0,0,1,0
5325.651,30,30.9,3,0,0,0,0,1
6775.961,41,32.2,1,0,0,0,0,1
4922.9159,29,32.11,2,0,0,1,0,0
12557.6053,61,31.57,0,1,0,0,1,0
4883.866,36,26.2,0,0,0,0,0,1
2137.6536,25,25.74,0,1,0,0,1,0
12044.342,56,26.6,1,0,0,1,0,0
1137.4697,18,34.43,0,1,0,0,1,0
1639.5631,19,30.59,0,1,0,1,0,0
5649.715,39,32.8,0,0,0,0,0,1
8516.829,45,28.6,2,0,0,0,1,0
9644.2525,51,18.05,0,0,0,1,0,0
14901.5167,64,39.33,0,0,0,0,0,0
2130.6759,19,32.11,0,0,0,1,0,0
8871.1517,48,32.23,1,0,0,0,1,0
13012.20865,60,24.035,0,0,0,1,0,0
37133.8982,27,36.08,0,0,1,0,1,0
7147.105,46,22.3,0,1,0,0,0,1
4337.7352,28,28.88,1,0,0,0,0,0
11743.299,59,26.4,0,1,0,0,1,0
20984.0936,35,27.74,2,1,1,0,0,0
13880.949,63,31.8,0,0,0,0,0,1
6610.1097,40,41.23,1,1,0,0,0,0
1980.07,20,33.0,1,1,0,0,0,1
8162.71625,40,30.875,4,1,0,1,0,0
3537.703,24,28.5,2,1,0,1,0,0
5002.7827,34,26.73,1,0,0,0,1,0
8520.026,45,30.9,2,0,0,0,0,1
7371.772,41,37.1,2,0,0,0,0,1
10355.641,53,26.6,0,0,0,1,0,0
2483.736,27,23.1,0,1,0,0,1,0
3392.9768,26,29.92,1,0,0,0,1,0
25081.76784,24,23.21,0,0,0,0,1,0
5012.471,34,33.7,1,0,0,0,0,1
10564.8845,53,33.25,0,0,0,0,0,0
5253.524,32,30.8,3,1,0,0,0,1
34779.615,19,34.8,0,1,1,0,0,1
19515.5416,42,24.64,0,1,1,0,1,0
11987.1682,55,33.88,3,1,0,0,1,0
2689.4954,28,38.06,0,1,0,0,1,0
24227.33724,58,41.91,0,0,0,0,1,0
7358.17565,41,31.635,1,0,0,0,0,0
9225.2564,47,25.46,2,1,0,0,0,0
7443.64305,42,36.195,1,0,0,1,0,0
14001.2867,59,27.83,3,0,0,0,1,0
1727.785,19,17.8,0,0,0,0,0,1
12333.828,59,27.5,1,1,0,0,0,1
6710.1919,39,24.51,2,1,0,1,0,0
19444.2658,40,22.22,2,0,1,0,1,0
1615.7667,18,26.73,0,0,0,0,1,0
4463.2051,31,38.39,2,1,0,0,1,0
17352.6803,19,29.07,0,1,1,1,0,0
7152.6714,44,38.06,1,1,0,0,1,0
38511.6283,23,36.67,2,0,1,0,0,0
5354.07465,33,22.135,1,0,0,0,0,0
35160.13457,55,26.8,1,0,0,0,0,1
7196.867,40,35.3,3,1,0,0,0,1
29523.1656,63,27.74,0,0,1,0,0,0
24476.47851,54,30.02,0,1,0,1,0,0
12648.7034,60,38.06,0,0,0,0,1,0
1986.9334,24,35.86,0,1,0,0,1,0
1832.094,19,20.9,1,1,0,0,0,1
4040.55825,29,28.975,1,1,0,0,0,0
12829.4551,18,17.29,2,1,1,0,0,0
47305.305,63,32.2,2,0,1,0,0,1
44260.7499,54,34.21,2,1,1,0,1,0
4260.744,27,30.3,3,1,0,0,0,1
41097.16175,50,31.825,0,1,1,0,0,0
13047.33235,55,25.365,3,0,0,0,0,0
43921.1837,56,33.63,0,1,1,1,0,0
5400.9805,38,40.15,0,0,0,0,1,0
11520.09985,51,24.415,4,1,0,1,0,0
33750.2918,19,31.92,0,1,1,1,0,0
11837.16,58,25.2,0,0,0,0,0,1
17085.2676,20,26.84,1,0,1,0,1,0
24869.8368,52,24.32,3,1,1,0,0,0
36219.40545,19,36.955,0,1,1,1,0,0
20462.99766,53,38.06,3,0,0,0,1,0
46151.1245,46,42.35,3,1,1,0,1,0
17179.522,40,19.8,1,1,1,0,1,0
14590.63205,59,32.395,3,0,0,0,0,0
7441.053,45,30.2,1,1,0,0,0,1
9282.4806,49,25.84,1,1,0,0,0,0
1719.4363,18,29.37,1,1,0,0,1,0
42856.838,50,34.2,2,1,1,0,0,1
7265.7025,41,37.05,2,1,0,1,0,0
9617.66245,50,27.455,1,1,0,0,0,0
2523.1695,25,27.55,0,1,0,1,0,0
9715.841,47,26.6,2,0,0,0,0,0
2803.69785,19,20.615,2,1,0,1,0,0
2150.469,22,24.3,0,0,0,0,0,1
12928.7911,59,31.79,2,1,0,0,1,0
9855.1314,51,21.56,1,0,0,0,1,0
22331.5668,40,28.12,1,0,1,0,0,0
48549.17835,54,40.565,3,1,1,0,0,0
4237.12655,30,27.645,1,1,0,0,0,0
11879.10405,55,32.395,1,0,0,0,0,0
9625.92,52,31.2,0,0,0,0,0,1
7742.1098,46,26.62,1,1,0,0,1,0
9432.9253,46,48.07,2,0,0,0,0,0
14256.1928,63,26.22,0,0,0,1,0,0
47896.79135,59,36.765,1,0,1,0,0,0
25992.82104,52,26.4,3,1,0,0,1,0
3172.018,28,33.4,0,0,0,0,0,1
20277.80751,29,29.64,1,1,0,0,0,0
42112.2356,25,45.54,2,1,1,0,1,0
2156.7518,22,28.82,0,0,0,0,1,0
3906.127,25,26.8,3,1,0,0,0,1
1704.5681,18,22.99,0,1,0,0,0,0
16297.846,19,27.7,0,1,1,0,0,1
21978.6769,47,25.41,1,1,1,0,1,0
38746.3551,31,34.39,3,1,1,1,0,0
9249.4952,48,28.88,1,0,0,1,0,0
6746.7425,36,27.55,3,1,0,0,0,0
24873.3849,53,22.61,3,0,1,0,0,0
12265.5069,56,37.51,2,0,0,0,1,0
4349.462,28,33.0,2,0,0,0,1,0
12646.207,57,38.0,2,0,0,0,0,1
19442.3535,29,33.345,2,1,0,1,0,0
20177.67113,28,27.5,2,0,0,0,0,1
4151.0287,30,33.33,1,0,0,0,1,0
11944.59435,58,34.865,0,1,0,0,0,0
7749.1564,41,33.06,2,0,0,1,0,0
8444.474,50,26.6,0,1,0,0,0,1
1737.376,19,24.7,0,0,0,0,0,1
42124.5153,43,35.97,3,1,1,0,1,0
8124.4084,49,35.86,0,1,0,0,1,0
34838.873,27,31.4,0,0,1,0,0,1
9722.7695,52,33.25,0,1,0,0,0,0
8835.26495,50,32.205,0,1,0,1,0,0
10435.06525,54,32.775,0,1,0,0,0,0
7421.19455,44,27.645,0,0,0,1,0,0
4667.60765,32,37.335,1,1,0,0,0,0
4894.7533,34,25.27,1,1,0,1,0,0
24671.66334,26,29.64,4,0,0,0,0,0
35491.64,34,30.8,0,1,1,0,0,1
11566.30055,57,40.945,0,1,0,0,0,0
2866.091,29,27.2,0,1,0,0,0,1
6600.20595,40,34.105,1,1,0,0,0,0
3561.8889,27,23.21,1,0,0,0,1,0
42760.5022,45,36.48,2,1,1,1,0,0
47928.03,64,33.8,1,0,1,0,0,1
9144.565,52,36.7,0,1,0,0,0,1
48517.56315,61,36.385,1,0,1,0,0,0
24393.6224,52,27.36,0,1,1,1,0,0
13429.0354,61,31.16,0,0,0,1,0,0
11658.37915,56,28.785,0,0,0,0,0,0
19144.57652,43,35.72,2,0,0,0,0,0
13822.803,64,34.5,0,1,0,0,0,1
12142.5786,60,25.74,0,1,0,0,1,0
13937.6665,62,27.55,1,1,0,1,0,0
41919.097,50,32.3,1,1,1,0,0,0
8232.6388,46,27.72,1,0,0,0,1,0
18955.22017,24,27.6,0,0,0,0,0,1
13352.0998,62,30.02,0,1,0,1,0,0
13217.0945,60,27.55,0,0,0,0,0,0
13981.85035,63,36.765,0,1,0,0,0,0
10977.2063,49,41.47,4,0,0,0,1,0
6184.2994,34,29.26,3,0,0,0,1,0
4889.9995,33,35.75,2,1,0,0,1,0
8334.45755,46,33.345,1,1,0,0,0,0
5478.0368,36,29.92,1,0,0,0,1,0
1635.73365,19,27.835,0,1,0,1,0,0
11830.6072,57,23.18,0,0,0,1,0,0
8932.084,50,25.6,0,0,0,0,0,1
3554.203,30,27.7,0,0,0,0,0,1
12404.8791,33,35.245,0,1,0,0,0,0
14133.03775,18,38.28,0,0,0,0,1,0
24603.04837,46,27.6,0,1,0,0,0,1
8944.1151,46,43.89,3,1,0,0,1,0
9620.3307,47,29.83,3,1,0,1,0,0
1837.2819,23,41.91,0,1,0,0,1,0
1607.5101,18,20.79,0,0,0,0,1,0
10043.249,48,32.3,2,0,0,0,0,0
4751.07,35,30.5,1,1,0,0,0,1
13844.506,19,21.7,0,0,1,0,0,1
2597.779,21,26.4,1,0,0,0,0,1
3180.5101,21,21.89,2,0,0,0,1,0
9778.3472,49,30.78,1,0,0,0,0,0
13430.265,56,32.3,3,0,0,0,0,0
8017.06115,42,24.985,2,0,0,1,0,0
8116.26885,44,32.015,2,1,0,1,0,0
3481.868,18,30.4,3,1,0,0,0,0
13415.0381,61,21.09,0,0,0,1,0,0
12029.2867,57,22.23,0,0,0,0,0,0
7639.41745,42,33.155,1,0,0,0,0,0
36085.219,26,32.9,2,1,1,0,0,1
1391.5287,20,33.33,0,1,0,0,1,0
18033.9679,23,28.31,0,0,1,1,0,0
21659.9301,39,24.89,3,0,1,0,0,0
38126.2465,24,40.15,0,1,1,0,1,0
16455.70785,64,30.115,3,0,0,1,0,0
27000.98473,62,31.46,1,1,0,0,1,0
15006.57945,27,17.955,2,0,1,0,0,0
42303.69215,55,30.685,0,1,1,0,0,0
20781.48892,55,33.0,0,1,0,0,1,0
5846.9176,35,43.34,2,0,0,0,1,0
8302.53565,44,22.135,2,1,0,0,0,0
1261.859,19,34.4,0,1,0,0,0,1
11856.4115,58,39.05,0,0,0,0,1,0
30284.64294,50,25.365,2,1,0,1,0,0
3176.8159,26,22.61,0,0,0,1,0,0
4618.0799,24,30.21,3,0,0,1,0,0
10736.87075,48,35.625,4,1,0,0,0,0
2138.0707,19,37.43,0,0,0,1,0,0
8964.06055,48,31.445,1,1,0,0,0,0
9290.1395,49,31.35,1,1,0,0,0,0
9411.005,46,32.3,2,0,0,0,0,0
7526.70645,46,19.855,0,1,0,1,0,0
8522.003,43,34.4,3,0,0,0,0,1
16586.49771,21,31.02,0,1,0,0,1,0
14988.432,64,25.6,2,1,0,0,0,1
1631.6683,18,38.17,0,0,0,0,1,0
9264.797,51,20.6,0,0,0,0,0,1
8083.9198,47,47.52,1,1,0,0,1,0
14692.66935,64,32.965,0,0,0,1,0,0
10269.46,49,32.3,3,1,0,1,0,0
3260.199,31,20.4,0,1,0,0,0,1
11396.9002,52,38.38,2,0,0,0,0,0
4185.0979,33,24.31,0,0,0,0,1,0
8539.671,47,23.6,1,0,0,0,0,1
6652.5288,38,21.12,3,1,0,0,1,0
4074.4537,32,30.03,1,1,0,0,1,0
1621.3402,19,17.48,0,1,0,1,0,0
19594.80965,44,20.235,1,0,1,0,0,0
14455.64405,26,17.195,2,0,1,0,0,0
5080.096,25,23.9,5,1,0,0,0,1
2134.9015,19,35.15,0,0,0,1,0,0
7345.7266,43,35.64,1,0,0,0,1,0
9140.951,52,34.1,0,1,0,0,1,0
18608.262,36,22.6,2,0,1,0,0,1
14418.2804,64,39.16,1,1,0,0,1,0
28950.4692,63,26.98,0,0,1,1,0,0
46889.2612,64,33.88,0,1,1,0,1,0
46599.1084,61,35.86,0,1,1,0,1,0
39125.33225,40,32.775,1,1,1,0,0,0
2727.3951,25,30.59,0,1,0,0,0,0
8968.33,48,30.2,2,1,0,0,0,1
9788.8659,45,24.31,5,1,0,0,1,0
6555.07035,38,27.265,1,0,0,0,0,0
7323.734819,18,29.165,0,0,0,0,0,0
3167.45585,21,16.815,1,0,0,0,0,0
18804.7524,27,30.4,3,0,0,1,0,0
23082.95533,19,33.1,0,1,0,0,0,1
4906.40965,29,20.235,2,0,0,1,0,0
5969.723,42,26.9,0,1,0,0,0,1
12638.195,60,30.5,0,0,0,0,0,1
4243.59005,31,28.595,1,1,0,1,0,0
13919.8229,60,33.11,3,1,0,0,1,0
2254.7967,22,31.73,0,1,0,0,0,0
5926.846,35,28.9,3,1,0,0,0,1
12592.5345,52,46.75,5,0,0,0,1,0
2897.3235,26,29.45,0,1,0,0,0,0
4738.2682,31,32.68,1,0,0,1,0,0
37079.372,33,33.5,0,0,1,0,0,1
1149.3959,18,43.01,0,1,0,0,1,0
28287.89766,59,36.52,1,0,0,0,1,0
26109.32905,56,26.695,1,1,1,1,0,0
7345.084,45,33.1,0,0,0,0,0,1
12730.9996,60,29.64,0,1,0,0,0,0
11454.0215,56,25.65,0,0,0,1,0,0
5910.944,40,29.6,0,0,0,0,0,1
4762.329,35,38.6,1,1,0,0,0,1
7512.267,39,29.6,4,1,0,0,0,1
4032.2407,30,24.13,1,1,0,1,0,0
1969.614,24,23.4,0,1,0,0,0,1
1769.53165,20,29.735,0,1,0,1,0,0
4686.3887,32,46.53,2,1,0,0,1,0
21797.0004,59,37.4,0,1,0,0,0,1
11881.9696,55,30.14,2,0,0,0,1,0
11840.77505,57,30.495,0,0,0,1,0,0
10601.412,56,39.6,0,1,0,0,0,1
7682.67,40,33.0,3,0,0,0,1,0
10381.4787,49,36.63,3,0,0,0,1,0
22144.032,42,30.0,0,1,1,0,0,1
15230.32405,62,38.095,2,0,0,0,0,0
11165.41765,56,25.935,0,1,0,0,0,0
1632.03625,19,25.175,0,1,0,1,0,0
19521.9682,30,28.38,1,0,1,0,1,0
13224.693,60,28.7,1,0,0,0,0,1
12643.3778,56,33.82,2,0,0,1,0,0
23288.9284,28,24.32,1,0,0,0,0,0
2201.0971,18,24.09,1,0,0,0,1,0
2497.0383,27,32.67,0,1,0,0,1,0
2203.47185,18,30.115,0,0,0,0,0,0
1744.465,19,29.8,0,0,0,0,0,1
20878.78443,47,33.345,0,0,0,0,0,0
25382.297,54,25.1,3,1,1,0,0,1
28868.6639,61,28.31,1,1,1,1,0,0
35147.52848,24,28.5,0,1,1,0,0,0
2534.39375,25,35.625,0,1,0,1,0,0
1534.3045,21,36.85,0,1,0,0,1,0
1824.2854,23,32.56,0,1,0,0,1,0
15555.18875,63,41.325,3,1,0,1,0,0
9304.7019,49,37.51,2,1,0,0,1,0
1622.1885,18,31.35,0,0,0,0,1,0
9880.068,51,39.5,1,0,0,0,0,1
9563.029,48,34.3,3,1,0,0,0,1
4347.02335,31,31.065,0,0,0,0,0,0
12475.3513,54,21.47,3,0,0,1,0,0
1253.936,19,28.7,0,1,0,0,0,1
48885.13561,44,38.06,0,0,1,0,1,0
10461.9794,53,31.16,1,1,0,1,0,0
1748.774,19,32.9,0,0,0,0,0,1
24513.09126,61,25.08,0,0,0,0,1,0
2196.4732,18,25.08,0,0,0,0,0,0
12574.049,61,43.4,0,1,0,0,0,1
17942.106,21,25.7,4,1,1,0,0,1
1967.0227,20,27.93,0,1,0,0,0,0
4931.647,31,23.6,2,0,0,0,0,1
8027.968,45,28.7,2,1,0,0,0,1
8211.1002,44,23.98,2,0,0,0,1,0
13470.86,62,39.2,0,0,0,0,0,1
36197.699,29,34.4,0,1,1,0,0,1
6837.3687,43,26.03,0,1,0,0,0,0
22218.1149,51,23.21,1,1,1,0,1,0
32548.3405,19,30.25,0,1,1,0,1,0
5974.3847,38,28.93,1,0,0,0,1,0
6796.86325,37,30.875,3,1,0,1,0,0
2643.2685,22,31.35,1,1,0,1,0,0
3077.0955,21,23.75,2,1,0,1,0,0
3044.2133,24,25.27,0,0,0,0,0,0
11455.28,57,28.7,0,0,0,0,0,1
11763.0009,56,32.11,1,1,0,0,0,0
2498.4144,27,33.66,0,1,0,0,1,0
9361.3268,51,22.42,0,1,0,0,0,0
1256.299,19,30.4,0,1,0,0,0,1
21082.16,39,28.3,1,1,1,0,0,1
11362.755,58,35.7,0,1,0,0,0,1
27724.28875,20,35.31,1,1,0,0,1,0
8413.46305,45,30.495,2,1,0,1,0,0
5240.765,35,31.0,1,0,0,0,0,1
3857.75925,31,30.875,0,1,0,0,0,0
25656.57526,50,27.36,0,0,0,0,0,0
3994.1778,32,44.22,0,0,0,0,1,0
9866.30485,51,33.915,0,0,0,0,0,0
5397.6167,38,37.73,0,0,0,0,1,0
38245.59327,42,26.07,1,1,1,0,1,0
11482.63485,18,33.88,0,0,0,0,1,0
24059.68019,19,30.59,2,0,0,1,0,0
9861.025,51,25.8,1,0,0,0,0,1
8342.90875,46,39.425,1,1,0,0,0,0
1708.0014,18,25.46,0,1,0,0,0,0
48675.5177,57,42.13,1,1,1,0,1,0
14043.4767,62,31.73,0,0,0,0,0,0
12925.886,59,29.7,2,1,0,0,1,0
19214.70553,37,36.19,0,1,0,0,1,0
13831.1152,64,40.48,0,1,0,0,1,0
6067.12675,38,28.025,1,1,0,0,0,0
5972.378,33,38.9,3,0,0,0,0,1
8825.086,46,30.2,2,0,0,0,0,1
8233.0975,46,28.05,1,0,0,0,1,0
27346.04207,53,31.35,0,1,0,0,1,0
6196.448,34,38.0,3,0,0,0,0,1
3056.3881,20,31.79,2,0,0,0,1,0
13887.204,63,36.3,0,0,0,0,1,0
63770.42801,54,47.41,0,0,1,0,1,0
10231.4999,54,30.21,0,1,0,1,0,0
23807.2406,49,25.84,2,1,1,1,0,0
3268.84665,28,35.435,0,1,0,0,0,0
11538.421,54,46.7,2,0,0,0,0,1
3213.62205,25,28.595,0,0,0,0,0,0
45863.205,43,46.2,0,0,1,0,1,0
13390.559,63,30.8,0,1,0,0,0,1
3972.9247,32,28.93,0,0,0,0,1,0
12957.118,62,21.4,0,1,0,0,0,1
11187.6567,52,31.73,2,0,0,1,0,0
17878.90068,25,41.325,0,0,0,0,0,0
3847.674,28,23.8,2,1,0,0,0,1
8334.5896,46,33.44,1,1,0,0,0,0
3935.1799,34,34.21,0,1,0,0,1,0
39983.42595,35,34.105,3,0,1,1,0,0
1646.4297,19,35.53,0,1,0,1,0,0
9193.8385,46,19.95,2,0,0,1,0,0
10923.9332,54,32.68,0,0,0,0,0,0
2494.022,27,30.5,0,1,0,0,0,1
9058.7303,50,44.77,1,1,0,0,1,0
2801.2588,18,32.12,2,0,0,0,1,0
2128.43105,19,30.495,0,0,0,1,0,0
6373.55735,38,40.565,1,0,0,1,0,0
7256.7231,41,30.59,2,1,0,1,0,0
11552.904,49,31.9,5,0,0,0,0,1
45702.02235,48,40.565,2,1,1,1,0,0
3761.292,31,29.1,0,0,0,0,0,1
2219.4451,18,37.29,1,0,0,0,1,0
4753.6368,30,43.12,2,0,0,0,1,0
31620.00106,62,36.86,1,0,0,0,0,0
13224.05705,57,34.295,2,0,0,0,0,0
12222.8983,58,27.17,0,0,0,1,0,0
1664.9996,22,26.84,0,1,0,0,1,0
58571.07448,31,38.095,1,0,1,0,0,0
9724.53,52,30.2,1,1,0,0,0,1
3206.49135,25,23.465,0,0,0,0,0,0
12913.9924,59,25.46,1,1,0,0,0,0
1639.5631,19,30.59,0,1,0,1,0,0
6356.2707,39,45.43,2,1,0,0,1,0
17626.23951,32,23.65,1,0,0,0,1,0
1242.816,19,20.7,0,1,0,0,0,1
4779.6023,33,28.27,1,0,0,0,1,0
3861.20965,21,20.235,3,1,0,0,0,0
43943.8761,34,30.21,1,0,1,1,0,0
13635.6379,61,35.91,0,0,0,0,0,0
5976.8311,38,30.69,1,0,0,0,1,0
11842.442,58,29.0,0,0,0,0,0,1
8428.0693,47,19.57,1,1,0,1,0,0
2566.4707,20,31.13,2,1,0,0,1,0
15359.1045,21,21.85,1,0,1,0,0,0
5709.1644,41,40.26,0,1,0,0,1,0
8823.98575,46,33.725,1,0,0,0,0,0
7640.3092,42,29.48,2,0,0,0,1,0
5594.8455,34,33.25,1,0,0,0,0,0
7441.501,43,32.6,2,1,0,0,0,1
33471.97189,52,37.525,2,0,0,1,0,0
1633.0444,18,39.16,0,0,0,0,1,0
9174.13565,51,31.635,0,1,0,1,0,0
11070.535,56,25.3,0,0,0,0,0,1
16085.1275,64,39.05,3,0,0,0,1,0
17468.9839,19,28.31,0,0,1,1,0,0
9283.562,51,34.1,0,0,0,0,1,0
3558.62025,27,25.175,0,0,0,0,0,0
25678.77845,59,23.655,0,0,1,1,0,0
4435.0942,28,26.98,2,1,0,0,0,0
39241.442,30,37.8,2,1,1,0,0,1
8547.6913,47,29.37,1,0,0,0,1,0
6571.544,38,34.8,2,0,0,0,0,1
2207.69745,18,33.155,0,0,0,0,0,0
6753.038,34,19.0,3,0,0,0,0,0
1880.07,20,33.0,0,0,0,0,1,0
42969.8527,47,36.63,1,0,1,0,1,0
11658.11505,56,28.595,0,0,0,0,0,0
23306.547,49,25.6,2,1,1,0,0,1
34439.8559,19,33.11,0,0,1,0,1,0
10713.644,55,37.1,0,0,0,0,0,1
3659.346,30,31.4,1,1,0,0,0,1
40182.246,37,34.1,4,1,1,0,0,1
9182.17,49,21.3,1,0,0,0,0,1
34617.84065,18,33.535,0,1,1,0,0,0
12129.61415,59,28.785,0,1,0,1,0,0
3736.4647,29,26.03,0,0,0,1,0,0
6748.5912,36,28.88,3,1,0,0,0,0
11326.71487,33,42.46,1,1,0,0,1,0
11365.952,58,38.0,0,1,0,0,0,1
42983.4585,44,38.95,0,0,1,1,0,0
10085.846,53,36.1,1,1,0,0,0,1
1977.815,24,29.3,0,1,0,0,0,1
3366.6697,29,35.53,0,0,0,0,1,0
7173.35995,40,22.705,2,1,0,0,0,0
9391.346,51,39.7,1,1,0,0,0,1
14410.9321,64,38.19,0,1,0,0,0,0
2709.1119,19,24.51,1,0,0,1,0,0
24915.04626,35,38.095,2,0,0,0,0,0
20149.3229,39,26.41,0,1,1,0,0,0
12949.1554,56,33.66,4,1,0,0,1,0
6666.243,33,42.4,5,1,0,0,0,1
32787.45859,42,28.31,3,1,1,1,0,0
13143.86485,61,33.915,0,1,0,0,0,0
4466.6214,23,34.96,3,0,0,1,0,0
18806.14547,43,35.31,2,1,0,0,1,0
10141.1362,48,30.78,3,1,0,0,0,0
6123.5688,39,26.22,1,1,0,1,0,0
8252.2843,40,23.37,3,0,0,0,0,0
1712.227,18,28.5,0,1,0,0,0,0
12430.95335,58,32.965,0,0,0,0,0,0
9800.8882,49,42.68,2,0,0,0,1,0
10579.711,53,39.6,1,0,0,0,1,0
8280.6227,48,31.13,0,0,0,0,1,0
8527.532,45,36.3,2,0,0,0,1,0
12244.531,59,35.2,0,0,0,0,1,0
24667.419,52,25.3,2,0,1,0,1,0
3410.324,26,42.4,1,0,0,0,0,1
4058.71245,27,33.155,2,1,0,1,0,0
26392.26029,48,35.91,1,0,0,0,0,0
14394.39815,57,28.785,4,0,0,0,0,0
6435.6237,37,46.53,3,1,0,0,1,0
22192.43711,57,23.98,1,0,0,0,1,0
5148.5526,32,31.54,1,0,0,0,0,0
1136.3994,18,33.66,0,1,0,0,1,0
27037.9141,64,22.99,0,0,1,0,1,0
42560.4304,43,38.06,2,1,1,0,1,0
8703.456,49,28.7,1,1,0,0,0,1
40003.33225,40,32.775,2,0,1,1,0,0
45710.20785,62,32.015,0,1,1,0,0,0
6500.2359,40,29.81,1,0,0,0,1,0
4837.5823,30,31.57,3,1,0,0,1,0
3943.5954,29,31.16,0,0,0,0,0,0
4399.731,36,29.7,0,1,0,0,1,0
6185.3208,41,31.02,0,0,0,0,1,0
46200.9851,44,43.89,2,0,1,0,1,0
7222.78625,45,21.375,0,1,0,1,0,0
12485.8009,55,40.81,3,0,0,0,1,0
46130.5265,60,31.35,3,1,1,1,0,0
12363.547,56,36.1,3,1,0,0,0,1
10156.7832,49,23.18,2,0,0,1,0,0
2585.269,21,17.4,1,0,0,0,0,1
1242.26,19,20.3,0,1,0,0,0,1
40103.89,39,35.3,2,1,1,0,0,1
9863.4718,53,24.32,0,1,0,1,0,0
4766.022,33,18.5,1,0,0,0,0,1
11244.3769,53,26.41,2,1,0,0,0,0
7729.64575,42,26.125,2,1,0,0,0,0
5438.7491,40,41.69,0,1,0,0,1,0
26236.57997,47,24.1,1,0,0,0,0,1
34806.4677,27,31.13,1,1,1,0,1,0
2104.1134,21,27.36,0,1,0,0,0,0
8068.185,47,36.2,1,1,0,0,0,1
2362.22905,20,32.395,1,1,0,1,0,0
2352.96845,24,23.655,0,1,0,1,0,0
3577.999,27,34.8,1,0,0,0,0,1
3201.24515,26,40.185,0,0,0,1,0,0
29186.48236,53,32.3,2,0,0,0,0,0
40273.6455,41,35.75,1,1,1,0,1,0
10976.24575,56,33.725,0,1,0,1,0,0
3500.6123,23,39.27,2,0,0,0,1,0
2020.5523,21,34.87,0,0,0,0,1,0
9541.69555,50,44.745,0,0,0,0,0,0
9504.3103,53,41.47,0,1,0,0,1,0
5385.3379,34,26.41,1,0,0,1,0,0
8930.93455,47,29.545,1,0,0,1,0,0
5375.038,33,32.9,2,0,0,0,0,1
44400.4064,51,38.06,0,0,1,0,1,0
10264.4421,49,28.69,3,1,0,1,0,0
6113.23105,31,30.495,3,0,0,0,0,0
5469.0066,36,27.74,0,0,0,0,0,0
1727.54,18,35.2,1,1,0,0,1,0
10107.2206,50,23.54,2,0,0,0,1,0
8310.83915,43,30.685,2,0,0,1,0,0
1984.4533,20,40.47,0,1,0,0,0,0
2457.502,24,22.6,0,0,0,0,0,1
12146.971,60,28.9,0,1,0,0,0,1
9566.9909,49,22.61,1,0,0,1,0,0
13112.6048,60,24.32,1,1,0,1,0,0
10848.1343,51,36.67,2,0,0,1,0,0
12231.6136,58,33.44,0,0,0,1,0,0
9875.6804,51,40.66,0,0,0,0,0,0
11264.541,53,36.6,3,1,0,0,0,1
12979.358,62,37.4,0,1,0,0,0,1
1263.249,19,35.4,0,1,0,0,0,1
10106.13425,50,27.075,1,0,0,0,0,0
40932.4295,30,39.05,3,0,1,0,1,0
6664.68595,41,28.405,1,1,0,1,0,0
16657.71745,29,21.755,1,0,1,0,0,0
2217.6012,18,40.28,0,0,0,0,0,0
6781.3542,41,36.08,1,0,0,0,1,0
19361.9988,35,24.42,3,1,1,0,1,0
10065.413,53,21.4,1,1,0,0,0,1
4234.927,24,30.1,3,0,0,0,0,1
9447.25035,48,27.265,1,0,0,0,0,0
14007.222,59,32.1,3,0,0,0,0,1
9583.8933,49,34.77,1,0,0,1,0,0
40419.0191,37,38.39,0,0,1,0,1,0
3484.331,26,23.7,2,1,0,0,0,1
36189.1017,23,31.73,3,1,1,0,0,0
44585.45587,29,35.5,2,1,1,0,0,1
8604.48365,45,24.035,2,1,0,0,0,0
18246.4955,27,29.15,0,1,1,0,1,0
43254.41795,53,34.105,0,1,1,0,0,0
3757.8448,31,26.62,0,0,0,0,1,0
8827.2099,50,26.41,0,1,0,1,0,0
9910.35985,50,30.115,1,0,0,1,0,0
11737.84884,34,27.0,2,1,0,0,0,1
1627.28245,19,21.755,0,1,0,1,0,0
8556.907,47,36.0,1,0,0,0,0,1
3062.50825,28,30.875,0,1,0,1,0,0
19539.243,37,26.4,0,0,1,0,1,0
1906.35825,21,28.975,0,1,0,1,0,0
14210.53595,64,37.905,0,1,0,1,0,0
11833.7823,58,22.77,0,0,0,0,1,0
17128.42608,24,33.63,4,1,0,0,0,0
5031.26955,31,27.645,2,1,0,0,0,0
7985.815,39,22.8,3,0,0,0,0,0
23065.4207,47,27.83,0,0,1,0,1,0
5428.7277,30,37.43,3,1,0,0,0,0
36307.7983,18,38.17,0,1,1,0,1,0
3925.7582,22,34.58,2,0,0,0,0,0
2416.955,23,35.2,1,1,0,0,0,1
19040.876,33,27.1,1,1,1,0,0,1
3070.8087,27,26.03,0,1,0,0,0,0
9095.06825,45,25.175,2,0,0,0,0,0
11842.62375,57,31.825,0,0,0,1,0,0
8062.764,47,32.3,1,1,0,0,0,1
7050.642,42,29.0,1,0,0,0,0,1
14319.031,64,39.7,0,0,0,0,0,1
6933.24225,38,19.475,2,0,0,1,0,0
27941.28758,61,36.1,3,1,0,0,0,1
11150.78,53,26.7,2,0,0,0,0,1
12797.20962,44,36.48,0,0,0,0,0,0
17748.5062,19,28.88,0,0,1,1,0,0
7261.741,41,34.2,2,1,0,1,0,0
10560.4917,51,33.33,3,1,0,0,1,0
6986.697,40,32.3,2,1,0,1,0,0
7448.40395,45,39.805,0,1,0,0,0,0
5934.3798,35,34.32,3,1,0,0,1,0
9869.8102,53,28.88,0,1,0,1,0,0
18259.216,30,24.4,3,1,1,0,0,1
1146.7966,18,41.14,0,1,0,0,1,0
9386.1613,51,35.97,1,1,0,0,1,0
24520.264,50,27.6,1,0,1,0,0,1
4350.5144,31,29.26,1,0,0,0,1,0
6414.178,35,27.7,3,0,0,0,0,1
12741.16745,60,36.955,0,1,0,0,0,0
1917.3184,21,36.86,0,1,0,1,0,0
5209.57885,29,22.515,3,1,0,0,0,0
13457.9608,62,29.92,0,0,0,0,1,0
5662.225,39,41.8,0,0,0,0,1,0
1252.407,19,27.6,0,1,0,0,0,1
2731.9122,22,23.18,0,0,0,0,0,0
21195.818,53,20.9,0,1,1,0,1,0
7209.4918,39,31.92,2,0,0,1,0,0
18310.742,27,28.5,0,1,1,1,0,0
4266.1658,30,44.22,2,1,0,0,1,0
4719.52405,30,22.895,1,0,0,0,0,0
11848.141,58,33.1,0,0,0,0,0,1
17904.52705,33,24.795,0,1,1,0,0,0
7046.7222,42,26.18,1,0,0,0,1,0
14313.8463,64,35.97,0,0,0,0,1,0
2103.08,21,22.3,1,1,0,0,0,1
38792.6856,18,42.24,0,0,1,0,1,0
1815.8759,23,26.51,0,1,0,0,1,0
7731.85785,45,35.815,0,0,0,1,0,0
28476.73499,40,41.42,1,0,0,1,0,0
2136.88225,19,36.575,0,0,0,1,0,0
1131.5066,18,30.14,0,1,0,0,1,0
3309.7926,25,25.84,1,1,0,0,0,0
9414.92,46,30.8,3,0,0,0,0,1
6360.9936,33,42.94,3,0,0,1,0,0
11013.7119,54,21.01,2,1,0,0,1,0
4428.88785,28,22.515,2,1,0,0,0,0
5584.3057,36,34.43,2,1,0,0,1,0
1877.9294,20,31.46,0,0,0,0,1,0
2842.76075,24,24.225,0,0,0,1,0,0
3597.596,23,37.1,3,1,0,0,0,1
23401.30575,47,26.125,1,0,1,0,0,0
55135.40209,33,35.53,0,0,1,1,0,0
7445.918,45,33.7,1,1,0,0,0,1
2680.9493,26,17.67,0,1,0,1,0,0
1621.8827,18,31.13,0,0,0,0,1,0
8219.2039,44,29.81,2,0,0,0,1,0
12523.6048,60,24.32,0,1,0,1,0,0
16069.08475,64,31.825,2,0,0,0,0,0
43813.8661,56,31.79,2,1,1,0,1,0
20773.62775,36,28.025,1,1,1,0,0,0
39597.4072,41,30.78,3,1,1,0,0,0
6117.4945,39,21.85,1,1,0,1,0,0
13393.756,63,33.1,0,1,0,0,0,1
5266.3656,36,25.84,0,0,0,1,0,0
4719.73655,28,23.845,2,0,0,1,0,0
11743.9341,58,34.39,0,1,0,1,0,0
5377.4578,36,33.82,1,1,0,1,0,0
7160.3303,42,35.97,2,1,0,0,1,0
4402.233,36,31.5,0,1,0,0,0,1
11657.7189,56,28.31,0,0,0,0,0,0
6402.29135,35,23.465,2,0,0,0,0,0
12622.1795,59,31.35,0,0,0,1,0,0
1526.312,21,31.1,0,1,0,0,0,1
12323.936,59,24.7,0,1,0,0,0,0
36021.0112,23,32.78,2,0,1,0,1,0
27533.9129,57,29.81,0,0,1,0,1,0
10072.05505,53,30.495,0,1,0,0,0,0
45008.9555,60,32.45,0,0,1,0,1,0
9872.701,51,34.2,1,0,0,0,0,1
2438.0552,23,50.38,1,1,0,0,1,0
2974.126,27,24.1,0,0,0,0,0,1
10601.63225,55,32.775,0,1,0,1,0,0
37270.1512,37,30.78,0,0,1,0,0,0
14119.62,61,32.3,2,1,0,1,0,0
42111.6647,46,35.53,0,0,1,0,0,0
11729.6795,53,23.75,2,0,0,0,0,0
24106.91255,49,23.845,3,0,1,0,0,0
1875.344,20,29.6,0,0,0,0,0,1
40974.1649,48,33.11,0,0,1,0,1,0
15817.9857,25,24.13,0,1,1,1,0,0
18218.16139,25,32.23,1,0,0,0,1,0
10965.446,57,28.1,0,1,0,0,0,1
46113.511,37,47.6,2,0,1,0,0,1
7151.092,38,28.0,3,0,0,0,0,1
12269.68865,55,33.535,2,0,0,1,0,0
5458.04645,36,19.855,0,0,0,0,0,0
8782.469,51,25.4,0,1,0,0,0,1
6600.361,40,29.9,2,1,0,0,0,1
1141.4451,18,37.29,0,1,0,0,1,0
11576.13,57,43.7,1,1,0,0,0,1
13129.60345,61,23.655,0,1,0,0,0,0
4391.652,25,24.3,3,0,0,0,0,1
8457.818,50,36.2,0,1,0,0,0,1
3392.3652,26,29.48,1,0,0,0,1,0
5966.8874,42,24.86,0,1,0,0,1,0
6849.026,43,30.1,1,1,0,0,0,1
8891.1395,44,21.85,3,1,0,0,0,0
2690.1138,23,28.12,0,0,0,1,0,0
26140.3603,49,27.1,1,0,0,0,0,1
6653.7886,33,33.44,5,1,0,0,1,0
6282.235,41,28.8,1,1,0,0,0,1
6311.952,37,29.5,2,0,0,0,0,1
3443.064,22,34.8,3,1,0,0,0,1
2789.0574,23,27.36,1,1,0,1,0,0
2585.85065,21,22.135,0,0,0,0,0,0
46255.1125,51,37.05,3,0,1,0,0,0
4877.98105,25,26.695,4,1,0,1,0,0
19719.6947,32,28.93,1,1,1,0,1,0
27218.43725,57,28.975,0,1,1,0,0,0
5272.1758,36,30.02,0,0,0,1,0,0
1682.597,22,39.5,0,1,0,0,0,1
11945.1327,57,33.63,1,1,0,1,0,0
29330.98315,64,26.885,0,0,1,1,0,0
7243.8136,36,29.04,4,0,0,0,1,0
10422.91665,54,24.035,0,1,0,0,0,0
44202.6536,47,38.94,2,1,1,0,1,0
13555.0049,62,32.11,0,1,0,0,0,0
13063.883,61,44.0,0,0,0,0,0,1
19798.05455,43,20.045,2,0,1,0,0,0
2221.56445,19,25.555,1,1,0,1,0,0
1634.5734,18,40.26,0,0,0,0,1,0
2117.33885,19,22.515,0,0,0,1,0,0
8688.85885,49,22.515,0,1,0,0,0,0
48673.5588,60,40.92,0,1,1,0,1,0
4661.28635,26,27.265,3,1,0,0,0,0
8125.7845,49,36.85,0,1,0,0,1,0
12644.589,60,35.1,0,0,0,0,0,1
4564.19145,26,29.355,2,0,0,0,0,0
4846.92015,27,32.585,3,1,0,0,0,0
7633.7206,44,32.34,1,0,0,0,1,0
15170.069,63,39.8,3,1,0,0,0,1
17496.306,32,24.6,0,0,1,0,0,1
2639.0429,22,28.31,1,1,0,1,0,0
33732.6867,18,31.73,0,1,1,0,0,0
14382.70905,59,26.695,3,0,0,1,0,0
7626.993,44,27.5,1,0,0,0,0,1
5257.50795,33,24.605,2,1,0,1,0,0
2473.3341,24,33.99,0,0,0,0,1,0
21774.32215,43,26.885,0,0,1,1,0,0
35069.37452,45,22.895,0,1,1,0,0,0
13041.921,61,28.2,0,0,0,0,0,1
5245.2269,35,34.21,1,0,0,0,1,0
13451.122,62,25.0,0,0,0,0,0,1
13462.52,62,33.2,0,0,0,0,0,1
5488.262,38,31.0,1,1,0,0,0,1
4320.41085,34,35.815,0,1,0,1,0,0
6250.435,43,23.2,0,1,0,0,0,1
25333.33284,50,32.11,2,1,0,0,0,0
2913.569,19,23.4,2,0,0,0,0,1
12032.326,57,20.1,1,0,0,0,0,1
13470.8044,62,39.16,0,0,0,0,1,0
6289.7549,41,34.21,1,1,0,0,1,0
2927.0647,26,46.53,1,1,0,0,1,0
6238.298,39,32.5,1,0,0,0,0,1
10096.97,46,25.8,5,1,0,0,0,1
7348.142,45,35.3,0,0,0,0,0,1
4673.3922,32,37.18,2,1,0,0,1,0
12233.828,59,27.5,0,0,0,0,0,1
32108.66282,44,29.735,2,1,0,0,0,0
8965.79575,39,24.225,5,0,0,1,0,0
2304.0022,18,26.18,2,1,0,0,1,0
9487.6442,53,29.48,0,1,0,0,1,0
1121.8739,18,23.21,0,1,0,0,1,0
9549.5651,50,46.09,1,0,0,0,1,0
2217.46915,18,40.185,0,0,0,0,0,0
1628.4709,19,22.61,0,1,0,1,0,0
12982.8747,62,39.93,0,1,0,0,1,0
11674.13,56,35.8,1,0,0,0,0,1
7160.094,42,35.8,2,1,0,0,0,1
39047.285,37,34.2,1,1,1,0,0,0
6358.77645,42,31.255,0,1,0,1,0,0
19933.458,25,29.7,3,1,1,0,0,1
11534.87265,57,18.335,0,1,0,0,0,0
47462.894,51,42.9,2,1,1,0,1,0
4527.18295,30,28.405,1,0,0,1,0,0
38998.546,44,30.2,2,1,1,0,0,1
20009.63365,34,27.835,1,1,1,1,0,0
3875.7341,31,39.49,1,1,0,0,1,0
41999.52,54,30.8,1,1,1,0,1,0
12609.88702,24,26.79,1,1,0,1,0,0
41034.2214,43,34.96,1,1,1,0,0,0
28468.91901,48,36.67,1,1,0,1,0,0
2730.10785,19,39.615,1,0,0,1,0,0
3353.284,29,25.9,0,0,0,0,0,1
14474.675,63,35.2,1,0,0,0,1,0
9500.57305,46,24.795,3,1,0,0,0,0
26467.09737,52,36.765,2,1,0,1,0,0
4746.344,35,27.1,1,1,0,0,0,1
23967.38305,51,24.795,2,1,1,1,0,0
7518.02535,44,25.365,1,1,0,1,0,0
3279.86855,21,25.745,2,1,0,0,0,0
8596.8278,39,34.32,5,0,0,0,1,0
10702.6424,50,28.16,3,0,0,0,1,0
4992.3764,34,23.56,0,0,0,0,0,0
2527.81865,22,20.235,0,0,0,1,0,0
1759.338,19,40.5,0,0,0,0,0,1
2322.6218,26,35.42,0,1,0,0,1,0
16138.76205,29,22.895,0,1,1,0,0,0
7804.1605,48,40.15,0,1,0,0,1,0
2902.9065,26,29.15,1,1,0,0,1,0
9704.66805,45,39.995,3,0,0,0,0,0
4889.0368,36,29.92,0,0,0,0,1,0
25517.11363,54,25.46,1,1,0,0,0,0
4500.33925,34,21.375,0,1,0,0,0,0
19199.944,31,25.9,3,1,1,0,0,1
16796.41194,27,30.59,1,0,0,0,0,0
4915.05985,20,30.115,5,1,0,0,0,0
7624.63,44,25.8,1,0,0,0,0,1
8410.04685,43,30.115,3,1,0,1,0,0
28340.18885,45,27.645,1,0,0,1,0,0
4518.82625,34,34.675,0,1,0,0,0,0
14571.8908,24,20.52,0,0,1,0,0,0
3378.91,26,19.8,1,0,0,0,0,1
7144.86265,38,27.835,2,0,0,0,0,0
10118.424,50,31.6,2,0,0,0,0,1
5484.4673,38,28.27,1,1,0,0,1,0
16420.49455,27,20.045,3,0,1,1,0,0
7986.47525,39,23.275,3,0,0,0,0,0
7418.522,39,34.1,3,0,0,0,0,1
13887.9685,63,36.85,0,0,0,0,1,0
6551.7501,33,36.29,3,0,0,0,0,0
5267.81815,36,26.885,0,0,0,1,0,0
17361.7661,30,22.99,2,1,1,1,0,0
34472.841,24,32.7,0,1,1,0,0,1
1972.95,24,25.8,0,1,0,0,0,1
21232.18226,48,29.6,0,1,0,0,0,1
8627.5411,47,19.19,1,1,0,0,0,0
4433.3877,29,31.73,2,1,0,1,0,0
4438.2634,28,29.26,2,1,0,0,0,0
24915.22085,47,28.215,3,1,1,1,0,0
23241.47453,25,24.985,2,1,0,0,0,0
9957.7216,51,27.74,1,1,0,0,0,0
8269.044,48,22.8,0,0,0,0,0,1
18767.7377,43,20.13,2,1,1,0,1,0
36580.28216,61,33.33,4,0,0,0,1,0
8765.249,48,32.3,1,1,0,1,0,0
5383.536,38,27.6,0,0,0,0,0,1
12124.9924,59,25.46,0,1,0,1,0,0
2709.24395,19,24.605,1,0,0,1,0,0
3987.926,26,34.2,2,0,0,0,0,1
12495.29085,54,35.815,3,0,0,1,0,0
26018.95052,21,32.68,2,0,0,1,0,0
8798.593,51,37.0,0,1,0,0,0,1
35595.5898,22,31.02,3,0,1,0,1,0
42211.1382,47,36.08,1,1,1,0,1,0
1711.0268,18,23.32,1,1,0,0,1,0
8569.8618,47,45.32,1,0,0,0,1,0
2020.177,21,34.6,0,0,0,0,0,1
16450.8947,19,26.03,1,1,1,1,0,0
21595.38229,23,18.715,0,1,0,1,0,0
9850.432,54,31.6,0,1,0,0,0,1
6877.9801,37,17.29,2,0,0,0,0,0
21677.28345,46,23.655,1,0,1,1,0,0
44423.803,55,35.2,0,0,1,0,1,0
4137.5227,30,27.93,0,0,0,0,0,0
13747.87235,18,21.565,0,1,1,0,0,0
12950.0712,61,38.38,0,1,0,1,0,0
12094.478,54,23.0,3,0,0,0,0,1
37484.4493,22,37.07,2,1,1,0,1,0
39725.51805,45,30.495,1,0,1,1,0,0
2250.8352,22,28.88,0,1,0,0,0,0
22493.65964,19,27.265,2,1,0,1,0,0
20234.85475,35,28.025,0,0,1,1,0,0
1704.70015,18,23.085,0,1,0,0,0,0
33475.81715,20,30.685,0,1,1,0,0,0
3161.454,28,25.8,0,0,0,0,0,1
11394.06555,55,35.245,1,1,0,0,0,0
21880.82,43,24.7,2,0,1,1,0,0
7325.0482,43,25.08,0,0,0,0,0,0
44501.3982,22,52.58,1,1,1,0,1,0
3594.17085,25,22.515,1,0,0,1,0,0
39727.614,49,30.9,0,1,1,0,0,1
8023.13545,44,36.955,1,0,0,1,0,0
14394.5579,64,26.41,0,1,0,0,0,0
9288.0267,49,29.83,1,1,0,0,0,0
25309.489,47,29.8,3,1,1,0,0,1
3353.4703,27,21.47,0,0,0,1,0,0
10594.50155,55,27.645,0,1,0,1,0,0
8277.523,48,28.9,0,0,0,0,0,1
17929.30337,45,31.79,0,0,0,0,1,0
2480.9791,24,39.49,0,0,0,0,1,0
4462.7218,32,33.82,1,1,0,1,0,0
1981.5819,24,32.01,0,1,0,0,1,0
11554.2236,57,27.94,1,1,0,0,1,0
48970.2476,59,41.14,1,1,1,0,1,0
6548.19505,36,28.595,3,1,0,1,0,0
5708.867,29,25.6,4,0,0,0,0,1
7045.499,42,25.3,1,0,0,0,0,1
8978.1851,48,37.29,2,1,0,0,1,0
5757.41345,39,42.655,0,1,0,0,0,0
14349.8544,63,21.66,1,1,0,1,0,0
10928.849,54,31.9,1,0,0,0,1,0
39871.7043,37,37.07,1,1,1,0,1,0
13974.45555,63,31.445,0,1,0,0,0,0
1909.52745,21,31.255,0,1,0,1,0,0
12096.6512,54,28.88,2,0,0,0,0,0
13204.28565,60,18.335,0,0,0,0,0,0
4562.8421,32,29.59,1,0,0,0,1,0
8551.347,47,32.0,1,0,0,0,0,1
2102.2647,21,26.03,0,1,0,0,0,0
34672.1472,28,31.68,0,1,1,0,1,0
15161.5344,63,33.66,3,1,0,0,1,0
11884.04858,18,21.78,2,1,0,0,1,0
4454.40265,32,27.835,1,1,0,1,0,0
5855.9025,38,19.95,1,1,0,1,0,0
4076.497,32,31.5,1,1,0,0,0,1
15019.76005,62,30.495,2,0,0,1,0,0
19023.26,39,18.3,5,0,1,0,0,1
10796.35025,55,28.975,0,1,0,0,0,0
11353.2276,57,31.54,0,1,0,1,0,0
9748.9106,52,47.74,1,1,0,0,1,0
10577.087,56,22.1,0,1,0,0,0,1
41676.0811,47,36.19,0,1,1,0,1,0
11286.5387,55,29.83,0,0,0,0,0,0
3591.48,23,32.7,3,1,0,0,0,1
33907.548,22,30.4,0,0,1,1,0,0
11299.343,50,33.7,4,0,0,0,0,1
4561.1885,18,31.35,4,0,0,0,0,0
44641.1974,51,34.96,2,0,1,0,0,0
1674.6323,22,33.77,0,1,0,0,1,0
23045.56616,52,30.875,0,0,0,0,0,0
3227.1211,25,33.99,1,0,0,0,1,0
16776.30405,33,19.095,2,0,1,0,0,0
11253.421,53,28.6,3,1,0,0,0,1
3471.4096,29,38.94,1,1,0,0,1,0
11363.2832,58,36.08,0,1,0,0,1,0
20420.60465,37,29.8,0,1,0,0,0,1
10338.9316,54,31.24,0,0,0,0,1,0
8988.15875,49,29.925,0,0,0,1,0,0
10493.9458,50,26.22,2,0,0,1,0,0
2904.088,26,30.0,1,1,0,0,0,1
8605.3615,45,20.35,3,1,0,0,1,0
11512.405,54,32.3,1,0,0,0,0,0
41949.2441,38,38.39,3,1,1,0,1,0
24180.9335,48,25.85,3,0,1,0,1,0
5312.16985,28,26.315,3,0,0,1,0,0
2396.0959,23,24.51,0,1,0,0,0,0
10807.4863,55,32.67,1,1,0,0,1,0
9222.4026,41,29.64,5,1,0,0,0,0
36124.5737,25,33.33,2,1,1,0,1,0
38282.7495,33,35.75,1,1,1,0,1,0
5693.4305,30,19.95,3,0,0,1,0,0
34166.273,23,31.4,0,0,1,0,0,1
8347.1643,46,38.17,2,1,0,0,1,0
46661.4424,53,36.86,3,0,1,1,0,0
18903.49141,27,32.395,1,0,0,0,0,0
40904.1995,23,42.75,1,0,1,0,0,0
14254.6082,63,25.08,0,0,0,1,0,0
10214.636,55,29.9,0,1,0,0,0,1
5836.5204,35,35.86,2,0,0,0,1,0
14358.36437,34,32.8,1,1,0,0,0,1
1728.897,19,18.6,0,0,0,0,0,1
8582.3023,39,23.87,5,0,0,0,1,0
3693.428,27,45.9,2,1,0,0,0,1
20709.02034,57,40.28,0,1,0,0,0,0
9991.03765,52,18.335,0,0,0,1,0,0
19673.33573,28,33.82,0,1,0,1,0,0
11085.5868,50,28.12,3,0,0,1,0,0
7623.518,44,25.0,1,0,0,0,0,1
3176.2877,26,22.23,0,0,0,1,0,0
3704.3545,33,30.25,0,1,0,0,1,0
36898.73308,19,32.49,0,0,1,1,0,0
9048.0273,50,37.07,1,1,0,0,1,0
7954.517,41,32.6,3,0,0,0,0,1
27117.99378,52,24.86,0,0,0,0,1,0
6338.0756,39,32.34,2,1,0,0,1,0
9630.397,50,32.3,2,1,0,0,0,1
11289.10925,52,32.775,3,1,0,1,0,0
52590.82939,60,32.8,0,1,1,0,0,1
2261.5688,20,31.92,0,0,0,1,0,0
10791.96,55,21.5,1,1,0,0,0,1
5979.731,42,34.1,0,1,0,0,0,1
2203.73595,18,30.305,0,0,0,0,0,0
12235.8392,58,36.48,0,0,0,1,0,0
40941.2854,43,32.56,3,0,1,0,1,0
5630.45785,35,35.815,1,0,0,1,0,0
11015.1747,48,27.93,4,0,0,1,0,0
7228.21565,36,22.135,3,0,0,0,0,0
39722.7462,19,44.88,0,1,1,0,1,0
14426.07385,23,23.18,2,0,0,1,0,0
2459.7201,20,30.59,0,0,0,0,0,0
3989.841,32,41.1,0,0,0,0,0,1
7727.2532,43,34.58,1,0,0,1,0,0
5124.1887,34,42.13,2,1,0,0,1,0
18963.17192,30,38.83,1,1,0,0,1,0
2200.83085,18,28.215,0,0,0,0,0,0
7153.5539,41,28.31,1,0,0,1,0,0
5227.98875,35,26.125,0,0,0,0,0,0
10982.5013,57,40.37,0,1,0,0,1,0
4529.477,29,24.6,2,0,0,0,0,1
4670.64,32,35.2,2,1,0,0,0,1
6112.35295,37,34.105,1,0,0,1,0,0
17178.6824,18,27.36,1,1,1,0,0,0
22478.6,43,26.7,2,0,1,0,0,1
11093.6229,56,41.91,0,0,0,0,1,0
6457.8434,38,29.26,2,1,0,1,0,0
4433.9159,29,32.11,2,1,0,1,0,0
2154.361,22,27.1,0,0,0,0,0,1
23887.6627,52,24.13,1,0,1,1,0,0
6496.886,40,27.4,1,0,0,0,0,1
2899.48935,23,34.865,0,0,0,0,0,0
19350.3689,31,29.81,0,1,1,0,1,0
7650.77375,42,41.325,1,0,0,0,0,0
2850.68375,24,29.925,0,0,0,1,0,0
2632.992,25,30.3,0,0,0,0,0,1
9447.3824,48,27.36,1,0,0,0,0,0
18328.2381,23,28.49,1,0,1,0,1,0
8603.8234,45,23.56,2,1,0,0,0,0
37465.34375,20,35.625,3,1,1,1,0,0
13844.7972,62,32.68,0,0,0,1,0,0
21771.3423,43,25.27,1,0,1,0,0,0
13126.67745,23,28.0,0,0,0,0,0,1
5327.40025,31,32.775,2,0,0,1,0,0
13725.47184,41,21.755,1,0,0,0,0,0
13019.16105,58,32.395,1,0,0,0,0,0
8671.19125,48,36.575,0,0,0,1,0,0
4134.08245,31,21.755,0,0,0,1,0,0
18838.70366,19,27.93,3,0,0,1,0,0
33307.5508,19,30.02,0,0,1,1,0,0
5699.8375,41,33.55,0,1,0,0,1,0
6393.60345,40,29.355,1,1,0,1,0,0
4934.705,31,25.8,2,0,0,0,0,1
6198.7518,37,24.32,2,1,0,1,0,0
8733.22925,46,40.375,2,1,0,1,0,0
2055.3249,22,32.11,0,1,0,1,0,0
9964.06,51,32.3,1,1,0,0,0,0
18223.4512,18,27.28,3,0,1,0,1,0
5116.5004,35,17.86,1,1,0,1,0,0
36910.60803,59,34.8,2,0,0,0,0,1
38415.474,36,33.4,2,1,1,0,0,1
20296.86345,37,25.555,1,0,1,0,0,0
12347.172,59,37.1,1,1,0,0,0,1
5373.36425,36,30.875,1,1,0,1,0,0
23563.01618,39,34.1,2,1,0,0,1,0
1702.4553,18,21.47,0,1,0,0,0,0
10806.839,52,33.3,2,0,0,0,0,1
3956.07145,27,31.255,1,0,0,1,0,0
12890.05765,18,39.14,0,1,0,0,0,0
5415.6612,40,25.08,0,1,0,0,1,0
4058.1161,29,37.29,2,1,0,0,1,0
41661.602,46,34.6,1,0,1,0,0,1
7537.1639,38,30.21,3,0,0,1,0,0
4718.20355,30,21.945,1,0,0,0,0,0
6593.5083,40,24.97,2,1,0,0,1,0
8442.667,50,25.3,0,1,0,0,1,0
26125.67477,20,24.42,0,0,1,0,1,0
6858.4796,41,23.94,1,1,0,0,0,0
4795.6568,33,39.82,1,0,0,0,1,0
6640.54485,38,16.815,2,1,0,0,0,0
7162.0122,42,37.18,2,1,0,0,1,0
10594.2257,56,34.43,0,1,0,0,1,0
11938.25595,58,30.305,0,1,0,0,0,0
60021.39897,52,34.485,3,1,1,1,0,0
20167.33603,20,21.8,0,0,1,0,0,1
12479.70895,54,24.605,3,0,0,1,0,0
11345.519,58,23.3,0,1,0,0,0,1
8515.7587,45,27.83,2,0,0,0,1,0
2699.56835,26,31.065,0,1,0,1,0,0
14449.8544,63,21.66,0,0,0,0,0,0
12224.35085,58,28.215,0,0,0,1,0,0
6985.50695,37,22.705,3,1,0,0,0,0
3238.4357,25,42.13,1,0,0,0,1,0
47269.854,52,41.8,2,1,1,0,1,0
49577.6624,64,36.96,2,1,1,0,1,0
4296.2712,22,21.28,3,0,0,1,0,0
3171.6149,28,33.11,0,0,0,0,1,0
1135.9407,18,33.33,0,1,0,0,1,0
5615.369,28,24.3,5,1,0,0,0,1
9101.798,45,25.7,3,0,0,0,0,1
6059.173,33,29.4,4,1,0,0,0,1
1633.9618,18,39.82,0,0,0,0,1,0
37607.5277,32,33.63,1,1,1,0,0,0
18648.4217,24,29.83,0,1,1,0,0,0
1241.565,19,19.8,0,1,0,0,0,1
16232.847,20,27.3,0,1,1,0,0,1
15828.82173,40,29.3,4,0,0,0,0,1
4415.1588,34,27.72,0,0,0,0,1,0
6474.013,42,37.9,0,0,0,0,0,1
11436.73815,51,36.385,3,0,0,1,0,0
11305.93455,54,27.645,1,0,0,1,0,0
30063.58055,55,37.715,3,1,0,1,0,0
10197.7722,52,23.18,0,0,0,0,0,0
4544.2348,32,20.52,0,0,0,0,0,0
3277.161,28,37.1,1,1,0,0,0,1
6770.1925,41,28.05,1,0,0,0,1,0
7337.748,43,29.9,1,0,0,0,0,1
10370.91255,49,33.345,2,0,0,0,0,0
26926.5144,64,23.76,0,1,1,0,1,0
10704.47,55,30.5,0,0,0,0,0,1
34254.05335,24,31.065,0,1,1,0,0,0
1880.487,20,33.3,0,0,0,0,0,1
8615.3,45,27.5,3,1,0,0,0,1
3292.52985,26,33.915,1,1,0,1,0,0
3021.80915,25,34.485,0,0,0,1,0,0
14478.33015,43,25.52,5,1,0,0,1,0
4747.0529,35,27.61,1,1,0,0,1,0
17043.3414,26,27.06,0,1,1,0,1,0
10959.33,57,23.7,0,1,0,0,0,1
2741.948,22,30.4,0,0,0,0,0,0
4357.04365,32,29.735,0,0,0,1,0,0
22462.04375,39,29.925,1,1,1,0,0,0
4189.1131,25,26.79,2,0,0,1,0,0
8283.6807,48,33.33,0,0,0,0,1,0
24535.69855,47,27.645,2,0,1,1,0,0
14283.4594,18,21.66,0,0,1,0,0,0
1720.3537,18,30.03,1,1,0,0,1,0
47403.88,61,36.3,1,1,1,0,0,1
8534.6718,47,24.32,0,0,0,0,0,0
3732.6251,28,17.29,0,0,0,0,0,0
5472.449,36,25.9,1,0,0,0,0,1
38344.566,20,39.4,2,1,1,0,0,1
7147.4728,44,34.32,1,1,0,0,1,0
7133.9025,38,19.95,2,0,0,0,0,0
34828.654,19,34.9,0,1,1,0,0,1
1515.3449,21,23.21,0,1,0,0,1,0
9301.89355,46,25.745,3,1,0,1,0,0
11931.12525,58,25.175,0,1,0,0,0,0
1964.78,20,22.0,1,1,0,0,0,1
1708.92575,18,26.125,0,1,0,0,0,0
4340.4409,28,26.51,2,0,0,0,1,0
5261.46945,33,27.455,2,1,0,1,0,0
2710.82855,19,25.745,1,0,0,1,0,0
62592.87309,45,30.36,0,1,1,0,1,0
46718.16325,62,30.875,3,1,1,1,0,0
3208.787,25,20.8,1,0,0,0,0,1
37829.7242,43,27.8,0,1,1,0,0,1
21259.37795,42,24.605,2,1,1,0,0,0
2464.6188,24,27.72,0,0,0,0,1,0
16115.3045,29,21.85,0,0,1,0,0,0
21472.4788,32,28.12,4,1,1,1,0,0
33900.653,25,30.2,0,0,1,0,0,1
6875.961,41,32.2,2,1,0,0,0,1
6940.90985,42,26.315,1,1,0,1,0,0
4571.41305,33,26.695,0,0,0,1,0,0
4536.259,34,42.9,1,1,0,0,0,1
36397.576,19,34.7,2,0,1,0,0,1
18765.87545,30,23.655,3,0,1,1,0,0
11272.33139,18,28.31,1,1,0,0,0,0
1731.677,19,20.6,0,0,0,0,0,1
1163.4627,18,53.13,0,1,0,0,1,0
19496.71917,35,39.71,4,1,0,0,0,0
7201.70085,39,26.315,2,0,0,1,0,0
5425.02335,31,31.065,3,1,0,1,0,0
28101.33305,62,26.695,0,1,1,0,0,0
12981.3457,62,38.83,0,1,0,0,1,0
43896.3763,42,40.37,2,0,1,0,1,0
4239.89265,31,25.935,1,1,0,1,0,0
13143.33665,61,33.535,0,1,0,0,0,0
7050.0213,42,32.87,0,0,0,0,0,0
9377.9047,51,30.03,1,1,0,0,1,0
22395.74424,23,24.225,2,0,0,0,0,0
10325.206,52,38.6,2,1,0,0,0,1
12629.1656,57,25.74,2,0,0,0,1,0
10795.93733,23,33.4,0,0,0,0,0,1
11411.685,52,44.7,3,0,0,0,0,1
10600.5483,50,30.97,3,1,0,1,0,0
2205.9808,18,31.92,0,0,0,0,0,0
1629.8335,18,36.85,0,0,0,0,1,0
2007.945,21,25.8,0,0,0,0,0,1
29141.3603,61,29.07,0,0,1,1,0,0
